Get player max id,2023/05/26 00:18:32
Get inventory max id,2023/05/26 00:18:32
Get items by inventory id,2023/05/26 00:18:33
Get inventory by player id,2023/05/26 00:18:33
Get unlockstring,2023/05/26 00:18:33
Get items by inventory id,2023/05/26 00:18:33
Get inventory by player id,2023/05/26 00:18:33
Get unlockstring,2023/05/26 00:18:33
Get items by inventory id,2023/05/26 00:18:33
Get inventory by player id,2023/05/26 00:18:33
Get unlockstring,2023/05/26 00:18:33
Get items by inventory id,2023/05/26 00:18:33
Get inventory by player id,2023/05/26 00:18:33
Get unlockstring,2023/05/26 00:18:33
Get all players,2023/05/26 00:18:33
Check if player exists,2023/05/26 00:18:43
Get items by inventory id,2023/05/26 00:18:43
Check if item exists,2023/05/26 00:18:43
Get unlockstring,2023/05/26 00:18:43
Check if player exists,2023/05/26 00:18:43
Get items by inventory id,2023/05/26 00:18:43
Get unlockstring,2023/05/26 00:18:43
Check if player exists,2023/05/26 00:18:43
Get items by inventory id,2023/05/26 00:18:43
Check if item exists,2023/05/26 00:18:43
Get unlockstring,2023/05/26 00:18:43
Check if player exists,2023/05/26 00:18:43
Get items by inventory id,2023/05/26 00:18:43
Get unlockstring,2023/05/26 00:18:43
Add player,2023/05/26 00:18:43
Add inventory,2023/05/26 00:18:43
Add recipebook,2023/05/26 00:18:43
Get player max id,2023/05/26 00:40:09
Get inventory max id,2023/05/26 00:40:09
Get items by inventory id,2023/05/26 00:40:10
Get inventory by player id,2023/05/26 00:40:10
Get unlockstring,2023/05/26 00:40:10
Get items by inventory id,2023/05/26 00:40:10
Get inventory by player id,2023/05/26 00:40:10
Get unlockstring,2023/05/26 00:40:10
Get items by inventory id,2023/05/26 00:40:10
Get inventory by player id,2023/05/26 00:40:10
Get unlockstring,2023/05/26 00:40:10
Get items by inventory id,2023/05/26 00:40:10
Get inventory by player id,2023/05/26 00:40:10
Get unlockstring,2023/05/26 00:40:10
Get items by inventory id,2023/05/26 00:40:10
Get inventory by player id,2023/05/26 00:40:10
Get unlockstring,2023/05/26 00:40:10
Get all players,2023/05/26 00:40:10
Get all blocks,2023/05/26 00:40:10
Check if block exists,2023/05/26 00:40:44
Add block,2023/05/26 00:40:44
Check if block exists,2023/05/26 00:40:44
Add block,2023/05/26 00:40:44
Check if block exists,2023/05/26 00:40:44
Add block,2023/05/26 00:40:44
Check if block exists,2023/05/26 00:40:44
Check if block exists,2023/05/26 00:40:44
Check if player exists,2023/05/26 00:40:44
Get items by inventory id,2023/05/26 00:40:44
Check if item exists,2023/05/26 00:40:44
Get unlockstring,2023/05/26 00:40:44
Check if player exists,2023/05/26 00:40:44
Get items by inventory id,2023/05/26 00:40:44
Get unlockstring,2023/05/26 00:40:44
Check if player exists,2023/05/26 00:40:44
Get items by inventory id,2023/05/26 00:40:44
Check if item exists,2023/05/26 00:40:44
Get unlockstring,2023/05/26 00:40:44
Check if player exists,2023/05/26 00:40:44
Get items by inventory id,2023/05/26 00:40:44
Get unlockstring,2023/05/26 00:40:44
Check if player exists,2023/05/26 00:40:44
Get items by inventory id,2023/05/26 00:40:44
Get unlockstring,2023/05/26 00:40:44
Get player max id,2023/05/26 00:40:50
Get inventory max id,2023/05/26 00:40:50
Get items by inventory id,2023/05/26 00:40:50
Get inventory by player id,2023/05/26 00:40:50
Get unlockstring,2023/05/26 00:40:50
Get items by inventory id,2023/05/26 00:40:50
Get inventory by player id,2023/05/26 00:40:50
Get unlockstring,2023/05/26 00:40:50
Get items by inventory id,2023/05/26 00:40:50
Get inventory by player id,2023/05/26 00:40:50
Get unlockstring,2023/05/26 00:40:50
Get items by inventory id,2023/05/26 00:40:50
Get inventory by player id,2023/05/26 00:40:50
Get unlockstring,2023/05/26 00:40:50
Get items by inventory id,2023/05/26 00:40:50
Get inventory by player id,2023/05/26 00:40:50
Get unlockstring,2023/05/26 00:40:50
Get all players,2023/05/26 00:40:50
Get all blocks,2023/05/26 00:40:50
Get all blocks,2023/05/26 00:40:50
Get all blocks,2023/05/26 00:40:50
Get all blocks,2023/05/26 00:40:50
Check if block exists,2023/05/26 00:41:36
Check if block exists,2023/05/26 00:41:36
Check if block exists,2023/05/26 00:41:36
Check if block exists,2023/05/26 00:41:36
Add block,2023/05/26 00:41:36
Check if block exists,2023/05/26 00:41:36
Check if block exists,2023/05/26 00:41:36
Add block,2023/05/26 00:41:36
Check if block exists,2023/05/26 00:41:36
Check if block exists,2023/05/26 00:41:36
Add block,2023/05/26 00:41:36
Check if block exists,2023/05/26 00:41:36
Add block,2023/05/26 00:41:36
Check if player exists,2023/05/26 00:41:36
Get items by inventory id,2023/05/26 00:41:36
Check if item exists,2023/05/26 00:41:36
Get unlockstring,2023/05/26 00:41:36
Check if player exists,2023/05/26 00:41:36
Get items by inventory id,2023/05/26 00:41:36
Get unlockstring,2023/05/26 00:41:36
Check if player exists,2023/05/26 00:41:36
Get items by inventory id,2023/05/26 00:41:36
Remove item,2023/05/26 00:41:36
Get unlockstring,2023/05/26 00:41:36
Check if player exists,2023/05/26 00:41:36
Get items by inventory id,2023/05/26 00:41:36
Get unlockstring,2023/05/26 00:41:36
Check if player exists,2023/05/26 00:41:36
Get items by inventory id,2023/05/26 00:41:36
Get unlockstring,2023/05/26 00:41:36
Get player max id,2023/05/26 00:41:41
Get inventory max id,2023/05/26 00:41:41
Get items by inventory id,2023/05/26 00:41:41
Get inventory by player id,2023/05/26 00:41:41
Get unlockstring,2023/05/26 00:41:41
Get items by inventory id,2023/05/26 00:41:41
Get inventory by player id,2023/05/26 00:41:41
Get unlockstring,2023/05/26 00:41:41
Get items by inventory id,2023/05/26 00:41:41
Get inventory by player id,2023/05/26 00:41:41
Get unlockstring,2023/05/26 00:41:41
Get items by inventory id,2023/05/26 00:41:41
Get inventory by player id,2023/05/26 00:41:41
Get unlockstring,2023/05/26 00:41:41
Get items by inventory id,2023/05/26 00:41:41
Get inventory by player id,2023/05/26 00:41:41
Get unlockstring,2023/05/26 00:41:41
Get all players,2023/05/26 00:41:41
Get all blocks,2023/05/26 00:41:41
Get all blocks,2023/05/26 00:41:41
Get all blocks,2023/05/26 00:41:41
Get all blocks,2023/05/26 00:41:41
Get all blocks,2023/05/26 00:41:41
Get all blocks,2023/05/26 00:41:41
Get all blocks,2023/05/26 00:41:41
Get all blocks,2023/05/26 00:41:41
Get player max id,2023/05/26 00:43:09
Get inventory max id,2023/05/26 00:43:09
Get items by inventory id,2023/05/26 00:43:09
Get inventory by player id,2023/05/26 00:43:09
Get unlockstring,2023/05/26 00:43:09
Get items by inventory id,2023/05/26 00:43:09
Get inventory by player id,2023/05/26 00:43:09
Get unlockstring,2023/05/26 00:43:09
Get items by inventory id,2023/05/26 00:43:09
Get inventory by player id,2023/05/26 00:43:09
Get unlockstring,2023/05/26 00:43:09
Get items by inventory id,2023/05/26 00:43:10
Get inventory by player id,2023/05/26 00:43:10
Get unlockstring,2023/05/26 00:43:10
Get items by inventory id,2023/05/26 00:43:10
Get inventory by player id,2023/05/26 00:43:10
Get unlockstring,2023/05/26 00:43:10
Get all players,2023/05/26 00:43:10
Get all blocks,2023/05/26 00:43:10
Get player max id,2023/05/26 00:44:00
Get inventory max id,2023/05/26 00:44:00
Get items by inventory id,2023/05/26 00:44:00
Get inventory by player id,2023/05/26 00:44:00
Get unlockstring,2023/05/26 00:44:00
Get items by inventory id,2023/05/26 00:44:00
Get inventory by player id,2023/05/26 00:44:00
Get unlockstring,2023/05/26 00:44:00
Get items by inventory id,2023/05/26 00:44:00
Get inventory by player id,2023/05/26 00:44:00
Get unlockstring,2023/05/26 00:44:00
Get items by inventory id,2023/05/26 00:44:00
Get inventory by player id,2023/05/26 00:44:00
Get unlockstring,2023/05/26 00:44:00
Get items by inventory id,2023/05/26 00:44:00
Get inventory by player id,2023/05/26 00:44:00
Get unlockstring,2023/05/26 00:44:00
Get all players,2023/05/26 00:44:00
Get all blocks,2023/05/26 00:44:00
Check if block exists,2023/05/26 00:44:25
Add block,2023/05/26 00:44:25
Check if block exists,2023/05/26 00:44:25
Check if block exists,2023/05/26 00:44:25
Add block,2023/05/26 00:44:25
Check if block exists,2023/05/26 00:44:25
Add block,2023/05/26 00:44:25
Check if block exists,2023/05/26 00:44:25
Check if player exists,2023/05/26 00:44:25
Get items by inventory id,2023/05/26 00:44:25
Check if item exists,2023/05/26 00:44:25
Get unlockstring,2023/05/26 00:44:25
Check if player exists,2023/05/26 00:44:25
Get items by inventory id,2023/05/26 00:44:25
Get unlockstring,2023/05/26 00:44:25
Check if player exists,2023/05/26 00:44:25
Get items by inventory id,2023/05/26 00:44:25
Get unlockstring,2023/05/26 00:44:25
Check if player exists,2023/05/26 00:44:25
Get items by inventory id,2023/05/26 00:44:25
Get unlockstring,2023/05/26 00:44:25
Check if player exists,2023/05/26 00:44:25
Get items by inventory id,2023/05/26 00:44:25
Get unlockstring,2023/05/26 00:44:25
Get player max id,2023/05/26 00:44:30
Get inventory max id,2023/05/26 00:44:30
Get items by inventory id,2023/05/26 00:44:30
Get inventory by player id,2023/05/26 00:44:30
Get unlockstring,2023/05/26 00:44:30
Get items by inventory id,2023/05/26 00:44:30
Get inventory by player id,2023/05/26 00:44:30
Get unlockstring,2023/05/26 00:44:30
Get items by inventory id,2023/05/26 00:44:31
Get inventory by player id,2023/05/26 00:44:31
Get unlockstring,2023/05/26 00:44:31
Get items by inventory id,2023/05/26 00:44:31
Get inventory by player id,2023/05/26 00:44:31
Get unlockstring,2023/05/26 00:44:31
Get items by inventory id,2023/05/26 00:44:31
Get inventory by player id,2023/05/26 00:44:31
Get unlockstring,2023/05/26 00:44:31
Get all players,2023/05/26 00:44:31
Get all blocks,2023/05/26 00:44:31
Get all blocks,2023/05/26 00:44:31
Get all blocks,2023/05/26 00:44:31
Get all blocks,2023/05/26 00:44:31
Get player max id,2023/05/26 00:47:09
Get inventory max id,2023/05/26 00:47:09
Get items by inventory id,2023/05/26 00:47:09
Get inventory by player id,2023/05/26 00:47:09
Get unlockstring,2023/05/26 00:47:09
Get items by inventory id,2023/05/26 00:47:09
Get inventory by player id,2023/05/26 00:47:09
Get unlockstring,2023/05/26 00:47:09
Get items by inventory id,2023/05/26 00:47:09
Get inventory by player id,2023/05/26 00:47:09
Get unlockstring,2023/05/26 00:47:09
Get items by inventory id,2023/05/26 00:47:09
Get inventory by player id,2023/05/26 00:47:09
Get unlockstring,2023/05/26 00:47:09
Get items by inventory id,2023/05/26 00:47:09
Get inventory by player id,2023/05/26 00:47:09
Get unlockstring,2023/05/26 00:47:09
Get all players,2023/05/26 00:47:09
Get all blocks,2023/05/26 00:47:09
Check if block exists,2023/05/26 00:47:33
Add block,2023/05/26 00:47:33
Check if block exists,2023/05/26 00:47:33
Add block,2023/05/26 00:47:33
Check if block exists,2023/05/26 00:47:33
Add block,2023/05/26 00:47:33
Check if block exists,2023/05/26 00:47:33
Check if block exists,2023/05/26 00:47:33
Add block,2023/05/26 00:47:33
Check if player exists,2023/05/26 00:47:33
Get items by inventory id,2023/05/26 00:47:33
Check if item exists,2023/05/26 00:47:33
Get unlockstring,2023/05/26 00:47:33
Check if player exists,2023/05/26 00:47:33
Get items by inventory id,2023/05/26 00:47:33
Get unlockstring,2023/05/26 00:47:33
Check if player exists,2023/05/26 00:47:33
Get items by inventory id,2023/05/26 00:47:33
Get unlockstring,2023/05/26 00:47:33
Check if player exists,2023/05/26 00:47:33
Get items by inventory id,2023/05/26 00:47:33
Get unlockstring,2023/05/26 00:47:33
Check if player exists,2023/05/26 00:47:33
Get items by inventory id,2023/05/26 00:47:33
Get unlockstring,2023/05/26 00:47:33
Get player max id,2023/05/26 00:47:46
Get inventory max id,2023/05/26 00:47:46
Get items by inventory id,2023/05/26 00:47:46
Get inventory by player id,2023/05/26 00:47:46
Get unlockstring,2023/05/26 00:47:46
Get items by inventory id,2023/05/26 00:47:46
Get inventory by player id,2023/05/26 00:47:46
Get unlockstring,2023/05/26 00:47:46
Get items by inventory id,2023/05/26 00:47:46
Get inventory by player id,2023/05/26 00:47:46
Get unlockstring,2023/05/26 00:47:46
Get items by inventory id,2023/05/26 00:47:46
Get inventory by player id,2023/05/26 00:47:46
Get unlockstring,2023/05/26 00:47:46
Get items by inventory id,2023/05/26 00:47:46
Get inventory by player id,2023/05/26 00:47:46
Get unlockstring,2023/05/26 00:47:46
Get all players,2023/05/26 00:47:46
Get all blocks,2023/05/26 00:47:46
Get all blocks,2023/05/26 00:47:46
Get all blocks,2023/05/26 00:47:46
Get all blocks,2023/05/26 00:47:46
Get all blocks,2023/05/26 00:47:46
Get player max id,2023/05/26 00:48:52
Get inventory max id,2023/05/26 00:48:52
Get items by inventory id,2023/05/26 00:48:52
Get inventory by player id,2023/05/26 00:48:52
Get unlockstring,2023/05/26 00:48:52
Get items by inventory id,2023/05/26 00:48:52
Get inventory by player id,2023/05/26 00:48:52
Get unlockstring,2023/05/26 00:48:52
Get items by inventory id,2023/05/26 00:48:52
Get inventory by player id,2023/05/26 00:48:52
Get unlockstring,2023/05/26 00:48:52
Get items by inventory id,2023/05/26 00:48:52
Get inventory by player id,2023/05/26 00:48:52
Get unlockstring,2023/05/26 00:48:52
Get items by inventory id,2023/05/26 00:48:52
Get inventory by player id,2023/05/26 00:48:52
Get unlockstring,2023/05/26 00:48:52
Get all players,2023/05/26 00:48:52
Get all blocks,2023/05/26 00:48:52
Check if block exists,2023/05/26 00:49:13
Add block,2023/05/26 00:49:13
Check if block exists,2023/05/26 00:49:13
Add block,2023/05/26 00:49:13
Check if block exists,2023/05/26 00:49:13
Add block,2023/05/26 00:49:13
Check if block exists,2023/05/26 00:49:13
Add block,2023/05/26 00:49:13
Check if block exists,2023/05/26 00:49:13
Add block,2023/05/26 00:49:13
Check if player exists,2023/05/26 00:49:13
Get items by inventory id,2023/05/26 00:49:13
Check if item exists,2023/05/26 00:49:13
Get unlockstring,2023/05/26 00:49:13
Check if player exists,2023/05/26 00:49:13
Get items by inventory id,2023/05/26 00:49:13
Get unlockstring,2023/05/26 00:49:13
Check if player exists,2023/05/26 00:49:13
Get items by inventory id,2023/05/26 00:49:13
Get unlockstring,2023/05/26 00:49:13
Check if player exists,2023/05/26 00:49:13
Get items by inventory id,2023/05/26 00:49:13
Get unlockstring,2023/05/26 00:49:13
Check if player exists,2023/05/26 00:49:13
Get items by inventory id,2023/05/26 00:49:13
Get unlockstring,2023/05/26 00:49:13
Get player max id,2023/05/26 00:49:18
Get inventory max id,2023/05/26 00:49:18
Get items by inventory id,2023/05/26 00:49:18
Get inventory by player id,2023/05/26 00:49:18
Get unlockstring,2023/05/26 00:49:18
Get items by inventory id,2023/05/26 00:49:18
Get inventory by player id,2023/05/26 00:49:18
Get unlockstring,2023/05/26 00:49:18
Get items by inventory id,2023/05/26 00:49:18
Get inventory by player id,2023/05/26 00:49:18
Get unlockstring,2023/05/26 00:49:18
Get items by inventory id,2023/05/26 00:49:18
Get inventory by player id,2023/05/26 00:49:18
Get unlockstring,2023/05/26 00:49:18
Get items by inventory id,2023/05/26 00:49:18
Get inventory by player id,2023/05/26 00:49:18
Get unlockstring,2023/05/26 00:49:18
Get all players,2023/05/26 00:49:18
Get all blocks,2023/05/26 00:49:18
Get all blocks,2023/05/26 00:49:18
Get all blocks,2023/05/26 00:49:18
Get all blocks,2023/05/26 00:49:18
Get all blocks,2023/05/26 00:49:18
Get all blocks,2023/05/26 00:49:18
Get player max id,2023/05/26 00:50:27
Get inventory max id,2023/05/26 00:50:27
Get items by inventory id,2023/05/26 00:50:27
Get inventory by player id,2023/05/26 00:50:27
Get unlockstring,2023/05/26 00:50:27
Get items by inventory id,2023/05/26 00:50:27
Get inventory by player id,2023/05/26 00:50:27
Get unlockstring,2023/05/26 00:50:27
Get items by inventory id,2023/05/26 00:50:27
Get inventory by player id,2023/05/26 00:50:27
Get unlockstring,2023/05/26 00:50:27
Get items by inventory id,2023/05/26 00:50:27
Get inventory by player id,2023/05/26 00:50:27
Get unlockstring,2023/05/26 00:50:27
Get items by inventory id,2023/05/26 00:50:27
Get inventory by player id,2023/05/26 00:50:27
Get unlockstring,2023/05/26 00:50:27
Get all players,2023/05/26 00:50:27
Get all blocks,2023/05/26 00:50:27
Get all blocks,2023/05/26 00:50:27
Get all blocks,2023/05/26 00:50:27
Get all blocks,2023/05/26 00:50:27
Get all blocks,2023/05/26 00:50:27
Get all blocks,2023/05/26 00:50:27
Check if block exists,2023/05/26 00:50:53
Check if block exists,2023/05/26 00:50:53
Check if block exists,2023/05/26 00:50:53
Check if block exists,2023/05/26 00:50:53
Check if block exists,2023/05/26 00:50:53
Check if player exists,2023/05/26 00:50:53
Get items by inventory id,2023/05/26 00:50:53
Check if item exists,2023/05/26 00:50:53
Get unlockstring,2023/05/26 00:50:53
Check if player exists,2023/05/26 00:50:53
Get items by inventory id,2023/05/26 00:50:53
Get unlockstring,2023/05/26 00:50:53
Check if player exists,2023/05/26 00:50:53
Get items by inventory id,2023/05/26 00:50:53
Get unlockstring,2023/05/26 00:50:53
Check if player exists,2023/05/26 00:50:53
Get items by inventory id,2023/05/26 00:50:53
Get unlockstring,2023/05/26 00:50:53
Check if player exists,2023/05/26 00:50:53
Get items by inventory id,2023/05/26 00:50:53
Get unlockstring,2023/05/26 00:50:53
Get player max id,2023/05/26 00:51:00
Get inventory max id,2023/05/26 00:51:00
Get items by inventory id,2023/05/26 00:51:00
Get inventory by player id,2023/05/26 00:51:00
Get unlockstring,2023/05/26 00:51:00
Get items by inventory id,2023/05/26 00:51:00
Get inventory by player id,2023/05/26 00:51:00
Get unlockstring,2023/05/26 00:51:00
Get items by inventory id,2023/05/26 00:51:00
Get inventory by player id,2023/05/26 00:51:00
Get unlockstring,2023/05/26 00:51:00
Get items by inventory id,2023/05/26 00:51:00
Get inventory by player id,2023/05/26 00:51:00
Get unlockstring,2023/05/26 00:51:00
Get items by inventory id,2023/05/26 00:51:00
Get inventory by player id,2023/05/26 00:51:00
Get unlockstring,2023/05/26 00:51:00
Get all players,2023/05/26 00:51:00
Get all blocks,2023/05/26 00:51:00
Get all blocks,2023/05/26 00:51:00
Get all blocks,2023/05/26 00:51:00
Get all blocks,2023/05/26 00:51:00
Get all blocks,2023/05/26 00:51:00
Get all blocks,2023/05/26 00:51:00
Get player max id,2023/05/26 00:52:08
Get inventory max id,2023/05/26 00:52:08
Get items by inventory id,2023/05/26 00:52:09
Get inventory by player id,2023/05/26 00:52:09
Get unlockstring,2023/05/26 00:52:09
Get items by inventory id,2023/05/26 00:52:09
Get inventory by player id,2023/05/26 00:52:09
Get unlockstring,2023/05/26 00:52:09
Get items by inventory id,2023/05/26 00:52:09
Get inventory by player id,2023/05/26 00:52:09
Get unlockstring,2023/05/26 00:52:09
Get items by inventory id,2023/05/26 00:52:09
Get inventory by player id,2023/05/26 00:52:09
Get unlockstring,2023/05/26 00:52:09
Get items by inventory id,2023/05/26 00:52:09
Get inventory by player id,2023/05/26 00:52:09
Get unlockstring,2023/05/26 00:52:09
Get all players,2023/05/26 00:52:09
Get all blocks,2023/05/26 00:52:09
Get all blocks,2023/05/26 00:52:09
Get all blocks,2023/05/26 00:52:09
Get all blocks,2023/05/26 00:52:09
Get all blocks,2023/05/26 00:52:09
Get all blocks,2023/05/26 00:52:09
Check if block exists,2023/05/26 00:54:08
Check if block exists,2023/05/26 00:54:08
Check if block exists,2023/05/26 00:54:08
Check if block exists,2023/05/26 00:54:08
Check if block exists,2023/05/26 00:54:08
Add block,2023/05/26 00:54:08
Check if block exists,2023/05/26 00:54:08
Check if player exists,2023/05/26 00:54:08
Get items by inventory id,2023/05/26 00:54:08
Check if item exists,2023/05/26 00:54:08
Get unlockstring,2023/05/26 00:54:08
Check if player exists,2023/05/26 00:54:08
Get items by inventory id,2023/05/26 00:54:08
Get unlockstring,2023/05/26 00:54:08
Check if player exists,2023/05/26 00:54:08
Get items by inventory id,2023/05/26 00:54:08
Add item,2023/05/26 00:54:08
Get unlockstring,2023/05/26 00:54:08
Check if player exists,2023/05/26 00:54:08
Get items by inventory id,2023/05/26 00:54:08
Get unlockstring,2023/05/26 00:54:08
Check if player exists,2023/05/26 00:54:08
Get items by inventory id,2023/05/26 00:54:08
Get unlockstring,2023/05/26 00:54:08
Get player max id,2023/05/26 00:54:13
Get inventory max id,2023/05/26 00:54:13
Get items by inventory id,2023/05/26 00:54:14
Get inventory by player id,2023/05/26 00:54:14
Get unlockstring,2023/05/26 00:54:14
Get items by inventory id,2023/05/26 00:54:14
Get inventory by player id,2023/05/26 00:54:14
Get unlockstring,2023/05/26 00:54:14
Get items by inventory id,2023/05/26 00:54:14
Get inventory by player id,2023/05/26 00:54:14
Get unlockstring,2023/05/26 00:54:14
Get items by inventory id,2023/05/26 00:54:14
Get inventory by player id,2023/05/26 00:54:14
Get unlockstring,2023/05/26 00:54:14
Get items by inventory id,2023/05/26 00:54:14
Get inventory by player id,2023/05/26 00:54:14
Get unlockstring,2023/05/26 00:54:14
Get all players,2023/05/26 00:54:14
Get all blocks,2023/05/26 00:54:14
Get all blocks,2023/05/26 00:54:14
Get all blocks,2023/05/26 00:54:14
Get all blocks,2023/05/26 00:54:14
Get all blocks,2023/05/26 00:54:14
Get all blocks,2023/05/26 00:54:14
Get all blocks,2023/05/26 00:54:14
Get player max id,2023/05/26 00:55:25
Get inventory max id,2023/05/26 00:55:25
Get items by inventory id,2023/05/26 00:55:25
Get inventory by player id,2023/05/26 00:55:25
Get unlockstring,2023/05/26 00:55:25
Get items by inventory id,2023/05/26 00:55:25
Get inventory by player id,2023/05/26 00:55:25
Get unlockstring,2023/05/26 00:55:25
Get items by inventory id,2023/05/26 00:55:25
Get inventory by player id,2023/05/26 00:55:25
Get unlockstring,2023/05/26 00:55:25
Get items by inventory id,2023/05/26 00:55:25
Get inventory by player id,2023/05/26 00:55:25
Get unlockstring,2023/05/26 00:55:25
Get items by inventory id,2023/05/26 00:55:25
Get inventory by player id,2023/05/26 00:55:25
Get unlockstring,2023/05/26 00:55:25
Get all players,2023/05/26 00:55:25
Get all blocks,2023/05/26 00:55:25
Get all blocks,2023/05/26 00:55:25
Get all blocks,2023/05/26 00:55:25
Get all blocks,2023/05/26 00:55:25
Get all blocks,2023/05/26 00:55:25
Get all blocks,2023/05/26 00:55:25
Get all blocks,2023/05/26 00:55:25
Check if block exists,2023/05/26 00:56:20
Check if block exists,2023/05/26 00:56:20
Check if block exists,2023/05/26 00:56:20
Check if block exists,2023/05/26 00:56:20
Check if block exists,2023/05/26 00:56:20
Add block,2023/05/26 00:56:20
Check if player exists,2023/05/26 00:56:20
Get items by inventory id,2023/05/26 00:56:20
Check if item exists,2023/05/26 00:56:20
Get unlockstring,2023/05/26 00:56:20
Check if player exists,2023/05/26 00:56:20
Get items by inventory id,2023/05/26 00:56:20
Get unlockstring,2023/05/26 00:56:20
Check if player exists,2023/05/26 00:56:20
Get items by inventory id,2023/05/26 00:56:20
Add item,2023/05/26 00:56:20
Add item,2023/05/26 00:56:20
Check if item exists,2023/05/26 00:56:20
Get unlockstring,2023/05/26 00:56:20
Check if player exists,2023/05/26 00:56:20
Get items by inventory id,2023/05/26 00:56:20
Get unlockstring,2023/05/26 00:56:20
Check if player exists,2023/05/26 00:56:20
Get items by inventory id,2023/05/26 00:56:20
Get unlockstring,2023/05/26 00:56:20
Get player max id,2023/05/26 00:56:30
Get inventory max id,2023/05/26 00:56:30
Get items by inventory id,2023/05/26 00:56:30
Get inventory by player id,2023/05/26 00:56:30
Get unlockstring,2023/05/26 00:56:30
Get items by inventory id,2023/05/26 00:56:30
Get inventory by player id,2023/05/26 00:56:30
Get unlockstring,2023/05/26 00:56:30
Get items by inventory id,2023/05/26 00:56:30
Get inventory by player id,2023/05/26 00:56:30
Get unlockstring,2023/05/26 00:56:30
Get items by inventory id,2023/05/26 00:56:30
Get inventory by player id,2023/05/26 00:56:30
Get unlockstring,2023/05/26 00:56:30
Get items by inventory id,2023/05/26 00:56:30
Get inventory by player id,2023/05/26 00:56:30
Get unlockstring,2023/05/26 00:56:30
Get all players,2023/05/26 00:56:30
Get all blocks,2023/05/26 00:56:30
Get all blocks,2023/05/26 00:56:30
Get all blocks,2023/05/26 00:56:30
Get all blocks,2023/05/26 00:56:30
Get all blocks,2023/05/26 00:56:30
Get all blocks,2023/05/26 00:56:30
Get all blocks,2023/05/26 00:56:30
Get all blocks,2023/05/26 00:56:30
Get player max id,2023/05/26 01:00:26
Get inventory max id,2023/05/26 01:00:26
Get items by inventory id,2023/05/26 01:00:26
Get inventory by player id,2023/05/26 01:00:26
Get unlockstring,2023/05/26 01:00:26
Get items by inventory id,2023/05/26 01:00:26
Get inventory by player id,2023/05/26 01:00:26
Get unlockstring,2023/05/26 01:00:26
Get items by inventory id,2023/05/26 01:00:26
Get inventory by player id,2023/05/26 01:00:26
Get unlockstring,2023/05/26 01:00:26
Get items by inventory id,2023/05/26 01:00:26
Get inventory by player id,2023/05/26 01:00:26
Get unlockstring,2023/05/26 01:00:26
Get items by inventory id,2023/05/26 01:00:26
Get inventory by player id,2023/05/26 01:00:26
Get unlockstring,2023/05/26 01:00:26
Get all players,2023/05/26 01:00:26
Get all blocks,2023/05/26 01:00:26
Check if block exists,2023/05/26 01:01:42
Add block,2023/05/26 01:01:42
Check if block exists,2023/05/26 01:01:42
Add block,2023/05/26 01:01:42
Check if block exists,2023/05/26 01:01:42
Add block,2023/05/26 01:01:42
Check if block exists,2023/05/26 01:01:42
Add block,2023/05/26 01:01:42
Check if block exists,2023/05/26 01:01:42
Add block,2023/05/26 01:01:42
Get all blocks,2023/05/26 01:01:42
Get all blocks,2023/05/26 01:01:42
Get all blocks,2023/05/26 01:01:42
Get all blocks,2023/05/26 01:01:42
Get all blocks,2023/05/26 01:01:42
Get all blocks,2023/05/26 01:01:42
Delete block,2023/05/26 01:01:42
Delete block,2023/05/26 01:01:42
Delete block,2023/05/26 01:01:42
Delete block,2023/05/26 01:01:42
Delete block,2023/05/26 01:01:42
Check if player exists,2023/05/26 01:01:42
Get items by inventory id,2023/05/26 01:01:42
Check if item exists,2023/05/26 01:01:42
Get unlockstring,2023/05/26 01:01:42
Check if player exists,2023/05/26 01:01:42
Get items by inventory id,2023/05/26 01:01:42
Get unlockstring,2023/05/26 01:01:42
Check if player exists,2023/05/26 01:01:42
Get items by inventory id,2023/05/26 01:01:42
Check if item exists,2023/05/26 01:01:42
Check if item exists,2023/05/26 01:01:42
Check if item exists,2023/05/26 01:01:42
Add item,2023/05/26 01:01:42
Get unlockstring,2023/05/26 01:01:42
Check if player exists,2023/05/26 01:01:42
Get items by inventory id,2023/05/26 01:01:42
Get unlockstring,2023/05/26 01:01:42
Check if player exists,2023/05/26 01:01:42
Get items by inventory id,2023/05/26 01:01:42
Get unlockstring,2023/05/26 01:01:42
Get player max id,2023/05/26 01:01:48
Get inventory max id,2023/05/26 01:01:48
Get items by inventory id,2023/05/26 01:01:48
Get inventory by player id,2023/05/26 01:01:48
Get unlockstring,2023/05/26 01:01:48
Get items by inventory id,2023/05/26 01:01:48
Get inventory by player id,2023/05/26 01:01:48
Get unlockstring,2023/05/26 01:01:48
Get items by inventory id,2023/05/26 01:01:48
Get inventory by player id,2023/05/26 01:01:48
Get unlockstring,2023/05/26 01:01:48
Get items by inventory id,2023/05/26 01:01:48
Get inventory by player id,2023/05/26 01:01:48
Get unlockstring,2023/05/26 01:01:48
Get items by inventory id,2023/05/26 01:01:48
Get inventory by player id,2023/05/26 01:01:48
Get unlockstring,2023/05/26 01:01:48
Get all players,2023/05/26 01:01:48
Get all blocks,2023/05/26 01:01:48
Check if block exists,2023/05/26 01:03:46
Add block,2023/05/26 01:03:46
Check if block exists,2023/05/26 01:03:46
Add block,2023/05/26 01:03:46
Check if block exists,2023/05/26 01:03:46
Add block,2023/05/26 01:03:46
Check if block exists,2023/05/26 01:03:46
Add block,2023/05/26 01:03:46
Check if block exists,2023/05/26 01:03:46
Add block,2023/05/26 01:03:46
Get all blocks,2023/05/26 01:03:46
Get all blocks,2023/05/26 01:03:46
Get all blocks,2023/05/26 01:03:46
Get all blocks,2023/05/26 01:03:46
Get all blocks,2023/05/26 01:03:46
Get all blocks,2023/05/26 01:03:46
Delete block,2023/05/26 01:03:46
Delete block,2023/05/26 01:03:46
Delete block,2023/05/26 01:03:46
Delete block,2023/05/26 01:03:46
Delete block,2023/05/26 01:03:46
Check if player exists,2023/05/26 01:03:46
Get items by inventory id,2023/05/26 01:03:46
Check if item exists,2023/05/26 01:03:46
Get unlockstring,2023/05/26 01:03:46
Check if player exists,2023/05/26 01:03:46
Get items by inventory id,2023/05/26 01:03:46
Get unlockstring,2023/05/26 01:03:46
Check if player exists,2023/05/26 01:03:46
Get items by inventory id,2023/05/26 01:03:46
Remove item,2023/05/26 01:03:46
Check if item exists,2023/05/26 01:03:46
Add item,2023/05/26 01:03:46
Check if item exists,2023/05/26 01:03:46
Check if item exists,2023/05/26 01:03:46
Get unlockstring,2023/05/26 01:03:46
Check if player exists,2023/05/26 01:03:46
Get items by inventory id,2023/05/26 01:03:46
Get unlockstring,2023/05/26 01:03:46
Check if player exists,2023/05/26 01:03:46
Get items by inventory id,2023/05/26 01:03:46
Get unlockstring,2023/05/26 01:03:46
Get player max id,2023/05/26 01:03:51
Get inventory max id,2023/05/26 01:03:51
Get items by inventory id,2023/05/26 01:03:51
Get inventory by player id,2023/05/26 01:03:51
Get unlockstring,2023/05/26 01:03:51
Get items by inventory id,2023/05/26 01:03:51
Get inventory by player id,2023/05/26 01:03:51
Get unlockstring,2023/05/26 01:03:51
Get items by inventory id,2023/05/26 01:03:52
Get inventory by player id,2023/05/26 01:03:52
Get unlockstring,2023/05/26 01:03:52
Get items by inventory id,2023/05/26 01:03:52
Get inventory by player id,2023/05/26 01:03:52
Get unlockstring,2023/05/26 01:03:52
Get items by inventory id,2023/05/26 01:03:52
Get inventory by player id,2023/05/26 01:03:52
Get unlockstring,2023/05/26 01:03:52
Get all players,2023/05/26 01:03:52
Get all blocks,2023/05/26 01:03:52
Get player max id,2023/05/26 01:08:11
Get inventory max id,2023/05/26 01:08:11
Get items by inventory id,2023/05/26 01:08:11
Get inventory by player id,2023/05/26 01:08:11
Get unlockstring,2023/05/26 01:08:11
Get items by inventory id,2023/05/26 01:08:11
Get inventory by player id,2023/05/26 01:08:11
Get unlockstring,2023/05/26 01:08:11
Get items by inventory id,2023/05/26 01:08:11
Get inventory by player id,2023/05/26 01:08:11
Get unlockstring,2023/05/26 01:08:11
Get items by inventory id,2023/05/26 01:08:11
Get inventory by player id,2023/05/26 01:08:11
Get unlockstring,2023/05/26 01:08:11
Get items by inventory id,2023/05/26 01:08:11
Get inventory by player id,2023/05/26 01:08:11
Get unlockstring,2023/05/26 01:08:11
Get all players,2023/05/26 01:08:11
Get all blocks,2023/05/26 01:08:11
Check if block exists,2023/05/26 01:08:29
Add block,2023/05/26 01:08:29
Check if block exists,2023/05/26 01:08:29
Add block,2023/05/26 01:08:29
Check if block exists,2023/05/26 01:08:29
Add block,2023/05/26 01:08:29
Check if block exists,2023/05/26 01:08:29
Add block,2023/05/26 01:08:29
Check if block exists,2023/05/26 01:08:29
Add block,2023/05/26 01:08:29
Get all blocks,2023/05/26 01:08:29
Get all blocks,2023/05/26 01:08:29
Get all blocks,2023/05/26 01:08:29
Get all blocks,2023/05/26 01:08:29
Get all blocks,2023/05/26 01:08:29
Get all blocks,2023/05/26 01:08:29
Check if block exists,2023/05/26 01:08:29
Check if block exists,2023/05/26 01:08:29
Check if block exists,2023/05/26 01:08:29
Check if block exists,2023/05/26 01:08:29
Check if block exists,2023/05/26 01:08:29
Check if player exists,2023/05/26 01:08:29
Get items by inventory id,2023/05/26 01:08:29
Check if item exists,2023/05/26 01:08:29
Get unlockstring,2023/05/26 01:08:29
Check if player exists,2023/05/26 01:08:29
Get items by inventory id,2023/05/26 01:08:29
Get unlockstring,2023/05/26 01:08:29
Check if player exists,2023/05/26 01:08:29
Get items by inventory id,2023/05/26 01:08:29
Check if item exists,2023/05/26 01:08:29
Check if item exists,2023/05/26 01:08:29
Check if item exists,2023/05/26 01:08:29
Check if item exists,2023/05/26 01:08:29
Get unlockstring,2023/05/26 01:08:29
Check if player exists,2023/05/26 01:08:29
Get items by inventory id,2023/05/26 01:08:29
Get unlockstring,2023/05/26 01:08:29
Check if player exists,2023/05/26 01:08:29
Get items by inventory id,2023/05/26 01:08:29
Get unlockstring,2023/05/26 01:08:29
Get player max id,2023/05/26 01:08:36
Get inventory max id,2023/05/26 01:08:36
Get items by inventory id,2023/05/26 01:08:36
Get inventory by player id,2023/05/26 01:08:36
Get unlockstring,2023/05/26 01:08:36
Get items by inventory id,2023/05/26 01:08:36
Get inventory by player id,2023/05/26 01:08:36
Get unlockstring,2023/05/26 01:08:36
Get items by inventory id,2023/05/26 01:08:36
Get inventory by player id,2023/05/26 01:08:36
Get unlockstring,2023/05/26 01:08:36
Get items by inventory id,2023/05/26 01:08:36
Get inventory by player id,2023/05/26 01:08:36
Get unlockstring,2023/05/26 01:08:36
Get items by inventory id,2023/05/26 01:08:36
Get inventory by player id,2023/05/26 01:08:36
Get unlockstring,2023/05/26 01:08:36
Get all players,2023/05/26 01:08:36
Get all blocks,2023/05/26 01:08:36
Get all blocks,2023/05/26 01:08:36
Get all blocks,2023/05/26 01:08:36
Get all blocks,2023/05/26 01:08:36
Get all blocks,2023/05/26 01:08:36
Get all blocks,2023/05/26 01:08:36
Check if block exists,2023/05/26 01:08:59
Check if block exists,2023/05/26 01:08:59
Check if block exists,2023/05/26 01:08:59
Check if block exists,2023/05/26 01:08:59
Check if block exists,2023/05/26 01:08:59
Get all blocks,2023/05/26 01:08:59
Get all blocks,2023/05/26 01:08:59
Get all blocks,2023/05/26 01:08:59
Get all blocks,2023/05/26 01:08:59
Get all blocks,2023/05/26 01:08:59
Get all blocks,2023/05/26 01:08:59
Check if block exists,2023/05/26 01:08:59
Check if block exists,2023/05/26 01:08:59
Check if block exists,2023/05/26 01:08:59
Check if block exists,2023/05/26 01:08:59
Check if block exists,2023/05/26 01:08:59
Check if player exists,2023/05/26 01:08:59
Get items by inventory id,2023/05/26 01:08:59
Check if item exists,2023/05/26 01:08:59
Get unlockstring,2023/05/26 01:08:59
Check if player exists,2023/05/26 01:08:59
Get items by inventory id,2023/05/26 01:08:59
Get unlockstring,2023/05/26 01:08:59
Check if player exists,2023/05/26 01:08:59
Get items by inventory id,2023/05/26 01:08:59
Check if item exists,2023/05/26 01:08:59
Check if item exists,2023/05/26 01:08:59
Check if item exists,2023/05/26 01:08:59
Check if item exists,2023/05/26 01:08:59
Get unlockstring,2023/05/26 01:08:59
Check if player exists,2023/05/26 01:08:59
Get items by inventory id,2023/05/26 01:08:59
Get unlockstring,2023/05/26 01:08:59
Check if player exists,2023/05/26 01:08:59
Get items by inventory id,2023/05/26 01:08:59
Get unlockstring,2023/05/26 01:08:59
Get player max id,2023/05/26 01:09:06
Get inventory max id,2023/05/26 01:09:06
Get items by inventory id,2023/05/26 01:09:06
Get inventory by player id,2023/05/26 01:09:06
Get unlockstring,2023/05/26 01:09:06
Get items by inventory id,2023/05/26 01:09:06
Get inventory by player id,2023/05/26 01:09:06
Get unlockstring,2023/05/26 01:09:06
Get items by inventory id,2023/05/26 01:09:06
Get inventory by player id,2023/05/26 01:09:06
Get unlockstring,2023/05/26 01:09:06
Get items by inventory id,2023/05/26 01:09:06
Get inventory by player id,2023/05/26 01:09:06
Get unlockstring,2023/05/26 01:09:06
Get items by inventory id,2023/05/26 01:09:06
Get inventory by player id,2023/05/26 01:09:06
Get unlockstring,2023/05/26 01:09:06
Get all players,2023/05/26 01:09:06
Get all blocks,2023/05/26 01:09:06
Get all blocks,2023/05/26 01:09:06
Get all blocks,2023/05/26 01:09:06
Get all blocks,2023/05/26 01:09:06
Get all blocks,2023/05/26 01:09:06
Get all blocks,2023/05/26 01:09:06
Check if block exists,2023/05/26 01:11:28
Check if block exists,2023/05/26 01:11:28
Check if block exists,2023/05/26 01:11:28
Check if block exists,2023/05/26 01:11:28
Check if block exists,2023/05/26 01:11:28
Add block,2023/05/26 01:11:28
Get all blocks,2023/05/26 01:11:28
Get all blocks,2023/05/26 01:11:28
Get all blocks,2023/05/26 01:11:28
Get all blocks,2023/05/26 01:11:28
Get all blocks,2023/05/26 01:11:28
Get all blocks,2023/05/26 01:11:28
Get all blocks,2023/05/26 01:11:28
Check if block exists,2023/05/26 01:11:28
Check if block exists,2023/05/26 01:11:28
Check if block exists,2023/05/26 01:11:28
Check if block exists,2023/05/26 01:11:28
Check if block exists,2023/05/26 01:11:28
Check if block exists,2023/05/26 01:11:28
Check if player exists,2023/05/26 01:11:28
Get items by inventory id,2023/05/26 01:11:28
Check if item exists,2023/05/26 01:11:28
Get unlockstring,2023/05/26 01:11:28
Check if player exists,2023/05/26 01:11:28
Get items by inventory id,2023/05/26 01:11:28
Get unlockstring,2023/05/26 01:11:28
Check if player exists,2023/05/26 01:11:28
Get items by inventory id,2023/05/26 01:11:28
Remove item,2023/05/26 01:11:28
Remove item,2023/05/26 01:11:28
Check if item exists,2023/05/26 01:11:28
Add item,2023/05/26 01:11:28
Check if item exists,2023/05/26 01:11:28
Add item,2023/05/26 01:11:28
Add item,2023/05/26 01:11:28
Add item,2023/05/26 01:11:28
Get unlockstring,2023/05/26 01:11:28
Check if player exists,2023/05/26 01:11:28
Get items by inventory id,2023/05/26 01:11:28
Get unlockstring,2023/05/26 01:11:28
Check if player exists,2023/05/26 01:11:28
Get items by inventory id,2023/05/26 01:11:28
Get unlockstring,2023/05/26 01:11:28
Get player max id,2023/05/26 01:11:35
Get inventory max id,2023/05/26 01:11:35
Get items by inventory id,2023/05/26 01:11:35
Get inventory by player id,2023/05/26 01:11:35
Get unlockstring,2023/05/26 01:11:35
Get items by inventory id,2023/05/26 01:11:35
Get inventory by player id,2023/05/26 01:11:35
Get unlockstring,2023/05/26 01:11:35
Get items by inventory id,2023/05/26 01:11:35
Get inventory by player id,2023/05/26 01:11:35
Get unlockstring,2023/05/26 01:11:35
Get items by inventory id,2023/05/26 01:11:35
Get inventory by player id,2023/05/26 01:11:35
Get unlockstring,2023/05/26 01:11:35
Get items by inventory id,2023/05/26 01:11:35
Get inventory by player id,2023/05/26 01:11:35
Get unlockstring,2023/05/26 01:11:35
Get all players,2023/05/26 01:11:35
Get all blocks,2023/05/26 01:11:35
Get all blocks,2023/05/26 01:11:35
Get all blocks,2023/05/26 01:11:35
Get all blocks,2023/05/26 01:11:35
Get all blocks,2023/05/26 01:11:35
Get all blocks,2023/05/26 01:11:35
Get all blocks,2023/05/26 01:11:35
Check if block exists,2023/05/26 01:12:14
Check if block exists,2023/05/26 01:12:14
Check if block exists,2023/05/26 01:12:14
Check if block exists,2023/05/26 01:12:14
Check if block exists,2023/05/26 01:12:14
Get all blocks,2023/05/26 01:12:14
Get all blocks,2023/05/26 01:12:14
Get all blocks,2023/05/26 01:12:14
Get all blocks,2023/05/26 01:12:14
Get all blocks,2023/05/26 01:12:14
Get all blocks,2023/05/26 01:12:14
Get all blocks,2023/05/26 01:12:14
Check if block exists,2023/05/26 01:12:14
Check if block exists,2023/05/26 01:12:14
Check if block exists,2023/05/26 01:12:14
Check if block exists,2023/05/26 01:12:14
Check if block exists,2023/05/26 01:12:14
Check if block exists,2023/05/26 01:12:14
Check if player exists,2023/05/26 01:12:14
Get items by inventory id,2023/05/26 01:12:14
Check if item exists,2023/05/26 01:12:14
Get unlockstring,2023/05/26 01:12:14
Check if player exists,2023/05/26 01:12:14
Get items by inventory id,2023/05/26 01:12:14
Get unlockstring,2023/05/26 01:12:14
Check if player exists,2023/05/26 01:12:14
Get items by inventory id,2023/05/26 01:12:14
Check if item exists,2023/05/26 01:12:14
Check if item exists,2023/05/26 01:12:14
Check if item exists,2023/05/26 01:12:14
Check if item exists,2023/05/26 01:12:14
Check if item exists,2023/05/26 01:12:14
Add item,2023/05/26 01:12:14
Check if item exists,2023/05/26 01:12:14
Get unlockstring,2023/05/26 01:12:14
Check if player exists,2023/05/26 01:12:14
Get items by inventory id,2023/05/26 01:12:14
Get unlockstring,2023/05/26 01:12:14
Check if player exists,2023/05/26 01:12:14
Get items by inventory id,2023/05/26 01:12:14
Get unlockstring,2023/05/26 01:12:14
Get player max id,2023/05/26 01:12:19
Get inventory max id,2023/05/26 01:12:19
Get items by inventory id,2023/05/26 01:12:19
Get inventory by player id,2023/05/26 01:12:19
Get unlockstring,2023/05/26 01:12:19
Get items by inventory id,2023/05/26 01:12:19
Get inventory by player id,2023/05/26 01:12:19
Get unlockstring,2023/05/26 01:12:19
Get items by inventory id,2023/05/26 01:12:19
Get inventory by player id,2023/05/26 01:12:19
Get unlockstring,2023/05/26 01:12:19
Get items by inventory id,2023/05/26 01:12:19
Get inventory by player id,2023/05/26 01:12:19
Get unlockstring,2023/05/26 01:12:19
Get items by inventory id,2023/05/26 01:12:19
Get inventory by player id,2023/05/26 01:12:19
Get unlockstring,2023/05/26 01:12:19
Get all players,2023/05/26 01:12:19
Get all blocks,2023/05/26 01:12:19
Get all blocks,2023/05/26 01:12:19
Get all blocks,2023/05/26 01:12:19
Get all blocks,2023/05/26 01:12:19
Get all blocks,2023/05/26 01:12:19
Get all blocks,2023/05/26 01:12:19
Get all blocks,2023/05/26 01:12:19
Get player max id,2023/05/26 01:14:05
Get inventory max id,2023/05/26 01:14:05
Get items by inventory id,2023/05/26 01:14:06
Get inventory by player id,2023/05/26 01:14:06
Get unlockstring,2023/05/26 01:14:06
Get items by inventory id,2023/05/26 01:14:06
Get inventory by player id,2023/05/26 01:14:06
Get unlockstring,2023/05/26 01:14:06
Get items by inventory id,2023/05/26 01:14:06
Get inventory by player id,2023/05/26 01:14:06
Get unlockstring,2023/05/26 01:14:06
Get items by inventory id,2023/05/26 01:14:06
Get inventory by player id,2023/05/26 01:14:06
Get unlockstring,2023/05/26 01:14:06
Get items by inventory id,2023/05/26 01:14:06
Get inventory by player id,2023/05/26 01:14:06
Get unlockstring,2023/05/26 01:14:06
Get all players,2023/05/26 01:14:06
Get all blocks,2023/05/26 01:14:06
Get all blocks,2023/05/26 01:14:06
Get all blocks,2023/05/26 01:14:06
Get all blocks,2023/05/26 01:14:06
Get all blocks,2023/05/26 01:14:06
Get all blocks,2023/05/26 01:14:06
Get all blocks,2023/05/26 01:14:06
Check if block exists,2023/05/26 01:14:25
Check if block exists,2023/05/26 01:14:25
Check if block exists,2023/05/26 01:14:25
Check if block exists,2023/05/26 01:14:25
Check if block exists,2023/05/26 01:14:25
Get all blocks,2023/05/26 01:14:25
Get all blocks,2023/05/26 01:14:25
Get all blocks,2023/05/26 01:14:25
Get all blocks,2023/05/26 01:14:25
Get all blocks,2023/05/26 01:14:25
Get all blocks,2023/05/26 01:14:25
Get all blocks,2023/05/26 01:14:25
Delete block,2023/05/26 01:14:25
Check if player exists,2023/05/26 01:14:25
Get items by inventory id,2023/05/26 01:14:25
Check if item exists,2023/05/26 01:14:25
Get unlockstring,2023/05/26 01:14:25
Check if player exists,2023/05/26 01:14:25
Get items by inventory id,2023/05/26 01:14:25
Get unlockstring,2023/05/26 01:14:25
Check if player exists,2023/05/26 01:14:25
Get items by inventory id,2023/05/26 01:14:25
Check if item exists,2023/05/26 01:14:25
Check if item exists,2023/05/26 01:14:25
Check if item exists,2023/05/26 01:14:25
Check if item exists,2023/05/26 01:14:25
Check if item exists,2023/05/26 01:14:25
Check if item exists,2023/05/26 01:14:25
Add item,2023/05/26 01:14:25
Check if item exists,2023/05/26 01:14:25
Get unlockstring,2023/05/26 01:14:25
Check if player exists,2023/05/26 01:14:25
Get items by inventory id,2023/05/26 01:14:25
Get unlockstring,2023/05/26 01:14:25
Check if player exists,2023/05/26 01:14:25
Get items by inventory id,2023/05/26 01:14:25
Get unlockstring,2023/05/26 01:14:25
Get player max id,2023/05/26 01:14:31
Get inventory max id,2023/05/26 01:14:31
Get items by inventory id,2023/05/26 01:14:31
Get inventory by player id,2023/05/26 01:14:31
Get unlockstring,2023/05/26 01:14:31
Get items by inventory id,2023/05/26 01:14:31
Get inventory by player id,2023/05/26 01:14:31
Get unlockstring,2023/05/26 01:14:31
Get items by inventory id,2023/05/26 01:14:31
Get inventory by player id,2023/05/26 01:14:31
Get unlockstring,2023/05/26 01:14:31
Get items by inventory id,2023/05/26 01:14:31
Get inventory by player id,2023/05/26 01:14:31
Get unlockstring,2023/05/26 01:14:31
Get items by inventory id,2023/05/26 01:14:31
Get inventory by player id,2023/05/26 01:14:31
Get unlockstring,2023/05/26 01:14:31
Get all players,2023/05/26 01:14:31
Get all blocks,2023/05/26 01:14:31
Get all blocks,2023/05/26 01:14:31
Get all blocks,2023/05/26 01:14:31
Get all blocks,2023/05/26 01:14:31
Get all blocks,2023/05/26 01:14:31
Get all blocks,2023/05/26 01:14:31
Check if block exists,2023/05/26 01:15:00
Check if block exists,2023/05/26 01:15:00
Check if block exists,2023/05/26 01:15:00
Check if block exists,2023/05/26 01:15:00
Check if block exists,2023/05/26 01:15:00
Get all blocks,2023/05/26 01:15:00
Get all blocks,2023/05/26 01:15:00
Get all blocks,2023/05/26 01:15:00
Get all blocks,2023/05/26 01:15:00
Get all blocks,2023/05/26 01:15:00
Get all blocks,2023/05/26 01:15:00
Check if player exists,2023/05/26 01:15:00
Get items by inventory id,2023/05/26 01:15:00
Check if item exists,2023/05/26 01:15:00
Get unlockstring,2023/05/26 01:15:00
Check if player exists,2023/05/26 01:15:00
Get items by inventory id,2023/05/26 01:15:00
Get unlockstring,2023/05/26 01:15:00
Check if player exists,2023/05/26 01:15:00
Get items by inventory id,2023/05/26 01:15:00
Check if item exists,2023/05/26 01:15:00
Check if item exists,2023/05/26 01:15:00
Check if item exists,2023/05/26 01:15:00
Check if item exists,2023/05/26 01:15:00
Check if item exists,2023/05/26 01:15:00
Check if item exists,2023/05/26 01:15:00
Check if item exists,2023/05/26 01:15:00
Check if item exists,2023/05/26 01:15:00
Get unlockstring,2023/05/26 01:15:00
Check if player exists,2023/05/26 01:15:00
Get items by inventory id,2023/05/26 01:15:00
Get unlockstring,2023/05/26 01:15:00
Check if player exists,2023/05/26 01:15:00
Get items by inventory id,2023/05/26 01:15:00
Get unlockstring,2023/05/26 01:15:00
Get player max id,2023/05/26 01:16:33
Get inventory max id,2023/05/26 01:16:33
Get items by inventory id,2023/05/26 01:16:33
Get inventory by player id,2023/05/26 01:16:33
Get unlockstring,2023/05/26 01:16:33
Get items by inventory id,2023/05/26 01:16:33
Get inventory by player id,2023/05/26 01:16:33
Get unlockstring,2023/05/26 01:16:33
Get items by inventory id,2023/05/26 01:16:33
Get inventory by player id,2023/05/26 01:16:33
Get unlockstring,2023/05/26 01:16:33
Get items by inventory id,2023/05/26 01:16:33
Get inventory by player id,2023/05/26 01:16:33
Get unlockstring,2023/05/26 01:16:33
Get items by inventory id,2023/05/26 01:16:33
Get inventory by player id,2023/05/26 01:16:33
Get unlockstring,2023/05/26 01:16:33
Get all players,2023/05/26 01:16:33
Get all blocks,2023/05/26 01:16:33
Get all blocks,2023/05/26 01:16:33
Get all blocks,2023/05/26 01:16:33
Get all blocks,2023/05/26 01:16:33
Get all blocks,2023/05/26 01:16:33
Get all blocks,2023/05/26 01:16:33
